Timestamp,Action,Case #,Auction Date,Property Address,Final Judgment,Assessed Value,Plaintiff Max Bid,Parcel ID
2026-04-17T21:45:55,NEW,24000614CA,04/20/2026 11:00 AM ET,"23221 ELMIRA BLVD PORT CHARLOTTE, FL- 33980","$177,277.51","$119,537.00",Hidden,402224335009
2026-04-17T21:45:55,NEW,24001823CA,04/20/2026 11:00 AM ET,,"$817,634.38",Hidden,Hidden,
2026-04-17T21:45:55,NEW,25000933CA,04/20/2026 11:00 AM ET,"12439 PRATHER AVE PORT CHARLOTTE, FL- 33981","$564,119.63","$502,843.00",Hidden,402119428003
2026-04-17T21:45:55,NEW,25001187CA,04/20/2026 11:00 AM ET,"1128 INVERNESS ST PORT CHARLOTTE, FL- 33952","$339,180.00","$213,351.00",Hidden,402212106015
2026-04-17T21:45:55,NEW,25001451CA,04/20/2026 11:00 AM ET,"21229 PEACHLAND BLVD PORT CHARLOTTE, FL- 33954","$316,609.92","$198,210.00",Hidden,402210129002
2026-04-17T21:45:55,NEW,25001460CA,,"2201 EDNOR ST PORT CHARLOTTE, FL- 33952","$180,135.98","$111,176.00",Hidden,402215153021
2026-04-17T21:45:55,NEW,23003130CA,04/22/2026 11:00 AM ET,"5801 GILLOT BLVD PORT CHARLOTTE, FL- 33981","$110,183.92","$134,649.00",Hidden,402132456007
2026-04-17T21:45:55,NEW,25000766CA,04/22/2026 11:00 AM ET,"15084 MCGRAW AVE PORT CHARLOTTE, FL- 33953","$318,721.35","$6,845.00",Hidden,402103156024
2026-04-17T21:45:55,NEW,25000861CA,04/22/2026 11:00 AM ET,"528 ROSE APPLE CIR PORT CHARLOTTE, FL- 33954","$305,660.35","$22,627.00",Hidden,402204362010
2026-04-17T21:45:55,NEW,25001516CA,,"16863 SOL PRESERVE DR PORT CHARLOTTE, FL- 33953","$420,802.14","$266,690.00",Hidden,402112251332
2026-04-17T21:45:55,NEW,24001739CA,,"3136 HARBOR BLVD -UNIT 2A PORT CHARLOTTE, FL- 33952","$79,585.34","$27,191.00",Hidden,402222603003
2026-04-17T21:45:55,NEW,25000086CA,04/24/2026 11:00 AM ET,"21010 MIDWAY BLVD PORT CHARLOTTE, FL- 33952","$405,485.76","$294,755.00",Hidden,402216230017
2026-04-17T21:45:55,NEW,25000566CA,04/24/2026 11:00 AM ET,"701 DALTON BLVD PORT CHARLOTTE, FL- 33952","$254,303.62","$133,348.00",Hidden,402227281005
2026-04-17T21:45:55,NEW,25000714CA,04/24/2026 11:00 AM ET,"573 ROSE APPLE CIR PORT CHARLOTTE, FL- 33954","$294,159.37","$16,179.00",Hidden,402204357011
2026-04-17T21:45:55,NEW,25000826CA,,"22442 PEACHLAND BLVD PORT CHARLOTTE, FL- 33954","$307,331.25","$16,150.00",Hidden,402202480018
2026-04-17T21:45:55,NEW,25000736CA,,"434 ALBATROSS RD ROTONDA WEST, FL- 33947","$300,363.00","$18,573.00",Hidden,412117107019
2026-04-17T21:45:55,NEW,25000711CA,04/29/2026 11:00 AM ET,"475 WINWOOD CT PORT CHARLOTTE, FL- 33954","$307,907.96","$234,692.00",Hidden,402204357020
2026-04-17T21:45:55,NEW,25001104CA,,"142 FAIRWAY ROAD ROTONDA WEST, FL- 33947 Plaintiff max bid: $450,610.88 page of 1","$450,610.88",Hidden,Hidden,Property Appraiser
2026-04-17T21:45:55,NEW,24001716CA,04/30/2026 11:00 AM ET,"10460 GREENWAY AVE ENGLEWOOD, FL- 34224","$287,327.23","$302,291.00",Hidden,412011481017
2026-04-17T21:45:55,NEW,25000747CA,,"8917 CALUMET BLVD PORT CHARLOTTE, FL- 33981","$355,151.37","$27,200.00",Hidden,412115160003
2026-04-17T21:45:55,NEW,24002282CA,05/01/2026 11:00 AM ET,"277 SEASONS DR PUNTA GORDA, FL- 33983","$393,066.35","$350,151.00",Hidden,402303301002
2026-04-17T21:45:55,NEW,25000755CA,05/01/2026 11:00 AM ET,"9032 EVELYN RD ENGLEWOOD, FL- 34224","$355,095.06","$21,251.00",Hidden,412027102003
2026-04-17T21:45:55,NEW,25000828CA,,"605 ROSE APPLE CIR PORT CHARLOTTE, FL- 33954","$303,791.90","$228,244.00",Hidden,402204357004
2026-04-17T21:45:55,NEW,24002256CA,05/04/2026 11:00 AM ET,"1080 GULF BLVD ENGLEWOOD, FL- 34223","$1,078,487.03","$268,770.00",Hidden,412018103006
2026-04-17T21:45:55,NEW,25000784CA,05/04/2026 11:00 AM ET,"9040 EVELYN RD ENGLEWOOD, FL- 34224","$318,078.57","$21,251.00",Hidden,412027102004
2026-04-17T21:45:55,NEW,25001710CA,,,"$571,023.83",Hidden,Hidden,
2026-04-17T21:45:55,NEW,25001102CA,05/06/2026 11:00 AM ET,"1365 BLAISDELL ST PORT CHARLOTTE, FL- 33980","$431,079.66","$355,838.00",Hidden,402212431005
2026-04-17T21:45:55,NEW,25001394CA,,"7 GOLFVIEW TER ROTONDA WEST, FL- 33947","$191,726.67","$93,071.00",Hidden,412027230005
2026-04-17T21:45:55,NEW,24001219CA,05/11/2026 11:00 AM ET,"111 RODGERS AVE NE PORT CHARLOTTE, FL- 33952 Plaintiff max bid: $70,154.42","$70,154.42",Hidden,Hidden,Property Appraiser
2026-04-17T21:45:55,NEW,25000911CA,05/11/2026 11:00 AM ET,"134 JADE ST ROTONDA WEST, FL- 33947","$323,573.01","$19,550.00",Hidden,412118178008
2026-04-17T21:45:55,NEW,25001025CA,,"26265 FEATHERSOUND DR PUNTA GORDA, FL- 33955","$180,150.06","$393,523.00",Hidden,412328379001
2026-04-17T21:45:55,NEW,25000457CC,05/13/2026 11:00 AM ET,"22302 VICK ST -UNIT 220 PORT CHARLOTTE, FL- 33980","$24,078.88","$50,813.00",Hidden,402226652020
2026-04-17T21:45:55,NEW,25000919CA,,"12219 BACCHUS RD PORT CHARLOTTE, FL- 33981","$292,929.13","$12,325.00",Hidden,402130184003
2026-04-17T21:45:55,NEW,25000607CA,05/15/2026 11:00 AM ET,"5281 FORBES TER PORT CHARLOTTE, FL- 33981","$579,103.15","$321,439.00",Hidden,402133306002
2026-04-17T21:45:55,NEW,25001074CA,,"12240 GROUSE AVE PORT CHARLOTTE, FL- 33981","$124,967.22","$109,688.00",Hidden,412106331012
2026-04-17T21:45:55,NEW,25000103CA,05/18/2026 11:00 AM ET,"14300 KAY LN PORT CHARLOTTE, FL- 33981","$625,897.80","$323,687.00",Hidden,412116456005
2026-04-17T21:45:55,NEW,25000109CA,05/18/2026 11:00 AM ET,"15154 APPLETON BLVD PORT CHARLOTTE, FL- 33981","$665,916.08","$360,205.00",Hidden,412127327005
2026-04-17T21:45:55,NEW,25000467CA,05/18/2026 11:00 AM ET,"16058 BRIDLE RIDGE ST PORT CHARLOTTE, FL- 33953","$263,775.91","$253,876.00",Hidden,402110109092
2026-04-17T21:45:55,NEW,25000758CA,,"9057 BANTRY BAY BLVD ENGLEWOOD, FL- 34224","$439,377.55","$21,251.00",Hidden,412027107003
2026-04-17T21:45:55,NEW,25000621CC,05/20/2026 11:00 AM ET,"1051 FORREST NELSON BLVD # A10 PORT CHARLOTTE, FL- 33952","$8,566.86","$129,744.00",Hidden,402209501002
2026-04-17T21:45:55,NEW,25001449CC,,"2437 HARBOR BLVD -UNIT 119 PORT CHARLOTTE, FL- 33952","$9,257.80","$57,120.00",Hidden,402215802187
2026-04-17T21:45:55,NEW,25000876CA,,,$0.00,Hidden,Hidden,
2026-04-17T21:45:55,NEW,25000359CA,,,$0.00,Hidden,Hidden,
2026-04-17T21:45:55,NEW,25001057CA,,,$0.00,Hidden,Hidden,
2026-04-17T21:45:55,NEW,25001151CA,,"438 CELESTE ST PORT CHARLOTTE, FL- 33954","$331,475.49","$254,988.00",Hidden,402205353005
2026-04-17T21:45:55,NEW,25000470CA,,,$0.00,Hidden,Hidden,
2026-04-17T21:45:55,NEW,24001935CA,,"127 RODGERS AVE NE PORT CHARLOTTE, FL- 33952 Plaintiff max bid: $146,952.40 page of 1","$146,952.40",Hidden,Hidden,Property Appraiser
2026-04-17T21:45:55,NEW,24001010CA,,"18107 STEELE AVE PORT CHARLOTTE, FL- 33948","$293,693.41","$155,712.00",Hidden,402218356009
2026-04-17T21:45:55,NEW,25000998CA,,,$0.00,Hidden,Hidden,
2026-04-21T03:33:16,NEW,25000823CC,05/20/2026 11:00 AM ET,,$0.00,Hidden,Hidden,
2026-04-21T03:33:16,CLOSED,24000614CA,04/20/2026 11:00 AM ET,"23221 ELMIRA BLVD PORT CHARLOTTE, FL- 33980","$177,277.51","$119,537.00",Hidden,402224335009
2026-04-21T03:33:16,CLOSED,24001823CA,04/20/2026 11:00 AM ET,,"$817,634.38",Hidden,Hidden,
2026-04-21T03:33:16,CLOSED,25000933CA,04/20/2026 11:00 AM ET,"12439 PRATHER AVE PORT CHARLOTTE, FL- 33981","$564,119.63","$502,843.00",Hidden,402119428003
2026-04-21T03:33:16,CLOSED,25001187CA,04/20/2026 11:00 AM ET,"1128 INVERNESS ST PORT CHARLOTTE, FL- 33952","$339,180.00","$213,351.00",Hidden,402212106015
2026-04-21T03:33:16,CLOSED,25001451CA,04/20/2026 11:00 AM ET,"21229 PEACHLAND BLVD PORT CHARLOTTE, FL- 33954","$316,609.92","$198,210.00",Hidden,402210129002
2026-04-21T03:33:16,CLOSED,25001460CA,04/20/2026 11:00 AM ET,"2201 EDNOR ST PORT CHARLOTTE, FL- 33952","$180,135.98","$111,176.00",Hidden,402215153021
2026-04-22T03:33:28,NEW,25000900CA,06/01/2026 11:00 AM ET,,$0.00,Hidden,Hidden,
2026-04-22T03:33:28,CLOSED,23003130CA,04/22/2026 11:00 AM ET,"5801 GILLOT BLVD PORT CHARLOTTE, FL- 33981","$110,183.92","$134,649.00",Hidden,402132456007
2026-04-22T03:33:28,CLOSED,25000621CC,05/20/2026 11:00 AM ET,"1051 FORREST NELSON BLVD # A10 PORT CHARLOTTE, FL- 33952","$8,566.86","$129,744.00",Hidden,402209501002
2026-04-22T03:33:28,CLOSED,25000823CC,05/20/2026 11:00 AM ET,,$0.00,Hidden,Hidden,
2026-04-22T03:33:28,CLOSED,25001449CC,05/20/2026 11:00 AM ET,"2437 HARBOR BLVD -UNIT 119 PORT CHARLOTTE, FL- 33952","$9,257.80","$57,120.00",Hidden,402215802187
2026-04-23T03:33:23,NEW,25000621CC,05/20/2026 11:00 AM ET,"1051 FORREST NELSON BLVD # A10 PORT CHARLOTTE, FL- 33952","$8,566.86","$129,744.00",Hidden,402209501002
2026-04-23T03:33:23,NEW,25000823CC,05/20/2026 11:00 AM ET,"43040 GREENWAY BLVD -BLDG 5-UN PUNTA GORDA, FL- 33982","$15,476.79","$220,971.00",Hidden,422620506040
2026-04-23T03:33:23,NEW,25001449CC,05/20/2026 11:00 AM ET,"2437 HARBOR BLVD -UNIT 119 PORT CHARLOTTE, FL- 33952","$9,257.80","$57,120.00",Hidden,402215802187
2026-04-23T03:33:23,NEW,25001524CC,06/04/2026 11:00 AM ET,,$0.00,Hidden,Hidden,
2026-04-23T03:33:23,NEW,25000552CA,06/05/2026 11:00 AM ET,,$0.00,Hidden,Hidden,
2026-04-23T03:33:23,CLOSED,25000766CA,04/22/2026 11:00 AM ET,"15084 MCGRAW AVE PORT CHARLOTTE, FL- 33953","$318,721.35","$6,845.00",Hidden,402103156024
2026-04-23T03:33:23,CLOSED,25000861CA,04/22/2026 11:00 AM ET,"528 ROSE APPLE CIR PORT CHARLOTTE, FL- 33954","$305,660.35","$22,627.00",Hidden,402204362010
2026-04-23T03:33:23,CLOSED,25001516CA,04/22/2026 11:00 AM ET,"16863 SOL PRESERVE DR PORT CHARLOTTE, FL- 33953","$420,802.14","$266,690.00",Hidden,402112251332
2026-04-24T03:33:25,NEW,25001457CA,05/14/2026 11:00 AM ET,,$0.00,Hidden,Hidden,
2026-04-24T03:33:25,NEW,25000609CA,05/21/2026 11:00 AM ET,"9494 ROSEBUD CIR PORT CHARLOTTE, FL- 33981","$448,218.69","$282,987.00",Hidden,412122401002
2026-04-24T03:33:25,NEW,25001614CA,06/01/2026 11:00 AM ET,,$0.00,Hidden,Hidden,
2026-04-24T03:33:25,NEW,25000779CA,06/17/2026 11:00 AM ET,,$0.00,Hidden,Hidden,
2026-04-24T03:33:25,CLOSED,24001739CA,04/23/2026 11:00 AM ET,"3136 HARBOR BLVD -UNIT 2A PORT CHARLOTTE, FL- 33952","$79,585.34","$27,191.00",Hidden,402222603003
2026-04-27T03:33:33,NEW,25001472CC,05/11/2026 11:00 AM ET,,$0.00,Hidden,Hidden,
2026-04-27T03:33:33,NEW,24000771CC,05/20/2026 11:00 AM ET,,$0.00,Hidden,Hidden,
2026-04-27T03:33:33,NEW,24001453CC,05/20/2026 11:00 AM ET,,$0.00,Hidden,Hidden,
2026-04-27T03:33:33,NEW,25000814CC,05/20/2026 11:00 AM ET,,$0.00,Hidden,Hidden,
2026-04-27T03:33:33,NEW,25000337CC,05/27/2026 11:00 AM ET,,$0.00,Hidden,Hidden,
2026-04-27T03:33:33,NEW,25001381CA,05/28/2026 11:00 AM ET,,$0.00,Hidden,Hidden,
2026-04-27T03:33:33,NEW,25000979CA,06/01/2026 11:00 AM ET,,$0.00,Hidden,Hidden,
2026-04-27T03:33:33,NEW,25000869CA,06/10/2026 11:00 AM ET,,$0.00,Hidden,Hidden,
2026-04-27T03:33:33,CLOSED,25000086CA,04/24/2026 11:00 AM ET,"21010 MIDWAY BLVD PORT CHARLOTTE, FL- 33952","$405,485.76","$294,755.00",Hidden,402216230017
2026-04-27T03:33:33,CLOSED,25000566CA,04/24/2026 11:00 AM ET,"701 DALTON BLVD PORT CHARLOTTE, FL- 33952","$254,303.62","$133,348.00",Hidden,402227281005
2026-04-27T03:33:33,CLOSED,25000714CA,04/24/2026 11:00 AM ET,"573 ROSE APPLE CIR PORT CHARLOTTE, FL- 33954","$294,159.37","$16,179.00",Hidden,402204357011
2026-04-27T03:33:33,CLOSED,25000826CA,04/24/2026 11:00 AM ET,"22442 PEACHLAND BLVD PORT CHARLOTTE, FL- 33954","$307,331.25","$16,150.00",Hidden,402202480018
2026-04-27T03:33:33,CLOSED,25001614CA,06/01/2026 11:00 AM ET,,$0.00,Hidden,Hidden,
2026-04-28T03:33:23,CLOSED,25000736CA,04/27/2026 11:00 AM ET,"434 ALBATROSS RD ROTONDA WEST, FL- 33947","$300,363.00","$18,573.00",Hidden,412117107019
2026-04-29T03:33:23,NEW,24001455CA,05/27/2026 11:00 AM ET,,$0.00,Hidden,Hidden,
2026-04-29T03:33:23,CLOSED,24002256CA,05/04/2026 11:00 AM ET,"1080 GULF BLVD ENGLEWOOD, FL- 34223","$1,090,066.08","$268,770.00",Hidden,412018103006
2026-04-29T03:33:23,CLOSED,24001219CA,05/11/2026 11:00 AM ET,"111 RODGERS AVE NE PORT CHARLOTTE, FL- 33952 Plaintiff max bid: $70,154.42","$70,154.42",Hidden,Hidden,Property Appraiser
2026-05-01T03:33:11,NEW,25000833CA,05/07/2026 11:00 AM ET,,$0.00,Hidden,Hidden,
2026-05-01T03:33:11,NEW,24001747CA,05/27/2026 11:00 AM ET,"2611 LAKESHORE CIR PORT CHARLOTTE, FL- 33952","$255,451.46","$18,142.00",Hidden,402216476024
2026-05-01T03:33:11,CLOSED,25000711CA,04/29/2026 11:00 AM ET,"475 WINWOOD CT PORT CHARLOTTE, FL- 33954","$307,907.96","$234,692.00",Hidden,402204357020
2026-05-01T03:33:11,CLOSED,25001104CA,04/29/2026 11:00 AM ET,"142 FAIRWAY ROAD ROTONDA WEST, FL- 33947 Plaintiff max bid: $402,953.00 page of 1","$450,610.88",Hidden,Hidden,Property Appraiser
2026-05-01T03:33:11,CLOSED,24001716CA,04/30/2026 11:00 AM ET,"10460 GREENWAY AVE ENGLEWOOD, FL- 34224","$287,327.23","$302,291.00",Hidden,412011481017
2026-05-01T03:33:11,CLOSED,25000747CA,04/30/2026 11:00 AM ET,"8917 CALUMET BLVD PORT CHARLOTTE, FL- 33981","$355,151.37","$27,200.00",Hidden,412115160003
2026-05-01T03:33:11,CLOSED,24002282CA,05/01/2026 11:00 AM ET,"277 SEASONS DR PUNTA GORDA, FL- 33983","$393,066.35","$350,151.00",Hidden,402303301002
2026-05-04T03:33:15,NEW,25000785CA,05/27/2026 11:00 AM ET,"2428 NUREMBERG BLVD PUNTA GORDA, FL- 33983","$416,707.75","$231,121.00",Hidden,402316327001
2026-05-04T03:33:15,NEW,25001153CA,05/27/2026 11:00 AM ET,,$0.00,Hidden,Hidden,
2026-05-04T03:33:15,NEW,25001030CA,05/28/2026 11:00 AM ET,,$0.00,Hidden,Hidden,
2026-05-04T03:33:15,NEW,25000838CA,06/15/2026 11:00 AM ET,"24276 PEPPERCORN RD PUNTA GORDA, FL- 33955","$312,240.22","$34,000.00",Hidden,422331254001
2026-05-04T03:33:15,NEW,25001061CA,08/26/2026 11:00 AM ET,,$0.00,Hidden,Hidden,
2026-05-04T03:33:15,CLOSED,25000755CA,05/01/2026 11:00 AM ET,"9032 EVELYN RD ENGLEWOOD, FL- 34224","$355,095.06","$21,251.00",Hidden,412027102003
2026-05-04T03:33:15,CLOSED,25000828CA,05/01/2026 11:00 AM ET,"605 ROSE APPLE CIR PORT CHARLOTTE, FL- 33954","$303,791.90","$228,244.00",Hidden,402204357004
2026-05-05T03:33:07,CLOSED,25000784CA,05/04/2026 11:00 AM ET,"9040 EVELYN RD ENGLEWOOD, FL- 34224","$318,078.57","$21,251.00",Hidden,412027102004
2026-05-05T03:33:07,CLOSED,25001710CA,05/04/2026 11:00 AM ET,,"$571,023.83",Hidden,Hidden,
2026-05-06T03:33:15,NEW,25001360CA,06/17/2026 11:00 AM ET,,$0.00,Hidden,Hidden,
2026-05-06T03:33:15,NEW,25001103CA,06/29/2026 11:00 AM ET,,$0.00,Hidden,Hidden,
2026-05-07T03:33:15,NEW,25001454CA,06/01/2026 11:00 AM ET,,$0.00,Hidden,Hidden,
2026-05-07T03:33:15,NEW,25001241CA,06/22/2026 11:00 AM ET,,$0.00,Hidden,Hidden,
2026-05-07T03:33:15,CLOSED,25001102CA,05/06/2026 11:00 AM ET,"1365 BLAISDELL ST PORT CHARLOTTE, FL- 33980","$431,079.66","$355,838.00",Hidden,402212431005
2026-05-07T03:33:15,CLOSED,25001394CA,05/06/2026 11:00 AM ET,"7 GOLFVIEW TER ROTONDA WEST, FL- 33947","$191,726.67","$93,071.00",Hidden,412027230005
2026-05-08T03:33:16,NEW,23004612CA,05/13/2026 11:00 AM ET,,$0.00,Hidden,Hidden,
2026-05-08T03:33:16,NEW,25000221CC,06/01/2026 11:00 AM ET,,$0.00,Hidden,Hidden,
2026-05-08T03:33:16,NEW,24001732CA,06/03/2026 11:00 AM ET,,$0.00,Hidden,Hidden,
2026-05-08T03:33:16,CLOSED,25000833CA,05/07/2026 11:00 AM ET,"16265 SAN EDMUNDO RD PUNTA GORDA, FL- 33955","$341,245.39","$34,000.00",Hidden,422330232001
2026-05-11T03:33:17,NEW,25000750CA,06/03/2026 11:00 AM ET,"5990 GILLOT BLVD PORT CHARLOTTE, FL- 33981","$437,853.46","$247,561.00",Hidden,402133356013
2026-05-12T03:33:32,NEW,25001222CA,06/19/2026 11:00 AM ET,,$0.00,Hidden,Hidden,
2026-05-12T03:33:32,NEW,25001759CC,06/29/2026 11:00 AM ET,,$0.00,Hidden,Hidden,
2026-05-12T03:33:32,NEW,26000039CA,06/29/2026 11:00 AM ET,,$0.00,Hidden,Hidden,
2026-05-12T03:33:32,NEW,21001037CA,07/06/2026 11:00 AM ET,"16130 ARALIA DR PUNTA GORDA, FL- 33955","$96,338.12","$80,511.00",Hidden,422430202009
2026-05-12T03:33:32,CLOSED,25000911CA,05/11/2026 11:00 AM ET,"134 JADE ST ROTONDA WEST, FL- 33947","$323,573.01","$19,550.00",Hidden,412118178008
2026-05-12T03:33:32,CLOSED,25001472CC,05/11/2026 11:00 AM ET,"16380 CAPE HORN BLVD PUNTA GORDA, FL- 33955","$10,895.30","$34,000.00",Hidden,422330412004
2026-05-13T03:33:31,NEW,24002282CA,06/15/2026 11:00 AM ET,,$0.00,Hidden,Hidden,
2026-05-13T03:33:31,CLOSED,25000758CA,05/18/2026 11:00 AM ET,"9057 BANTRY BAY BLVD ENGLEWOOD, FL- 34224","$439,377.55","$21,251.00",Hidden,412027107003
2026-05-14T03:33:31,NEW,25001301CA,05/18/2026 11:00 AM ET,"11748 OCEANSPRAY BLVD ENGLEWOOD, FL- 34224","$256,977.85","$118,852.00",Hidden,412001180019
2026-05-14T03:33:31,NEW,26000040CA,06/12/2026 11:00 AM ET,,$0.00,Hidden,Hidden,
2026-05-14T03:33:31,CLOSED,23004612CA,05/13/2026 11:00 AM ET,"844 CONREID DR NE PORT CHARLOTTE, FL- 33952 Plaintiff max bid: $106,200.00","$417,285.72",Hidden,Hidden,Property Appraiser
2026-05-14T03:33:31,CLOSED,25000457CC,05/13/2026 11:00 AM ET,"22302 VICK ST -UNIT 220 PORT CHARLOTTE, FL- 33980","$24,078.88","$50,813.00",Hidden,402226652020
2026-05-14T03:33:31,CLOSED,25000919CA,05/13/2026 11:00 AM ET,"12219 BACCHUS RD PORT CHARLOTTE, FL- 33981","$292,929.13","$12,325.00",Hidden,402130184003
2026-05-15T03:33:25,NEW,25001015CA,06/19/2026 11:00 AM ET,,$0.00,Hidden,Hidden,
2026-05-15T03:33:25,NEW,25000758CA,07/01/2026 11:00 AM ET,,$0.00,Hidden,Hidden,
2026-05-15T03:33:25,CLOSED,25001457CA,05/14/2026 11:00 AM ET,"26461 EXPLORER RD -UNIT A PUNTA GORDA, FL- 33983","$131,506.79","$142,800.00",Hidden,402309576011
2026-05-15T03:33:25,CLOSED,25000607CA,05/15/2026 11:00 AM ET,"5281 FORBES TER PORT CHARLOTTE, FL- 33981","$579,103.15","$321,439.00",Hidden,402133306002
2026-05-18T03:33:16,CLOSED,25001074CA,05/15/2026 11:00 AM ET,"12240 GROUSE AVE PORT CHARLOTTE, FL- 33981","$124,967.22","$109,688.00",Hidden,412106331012
2026-05-19T03:33:16,NEW,26000016CA,06/12/2026 11:00 AM ET,,$0.00,Hidden,Hidden,
2026-05-19T03:33:16,NEW,25001065CA,06/17/2026 11:00 AM ET,,$0.00,Hidden,Hidden,
2026-05-19T03:33:16,NEW,25000997CA,07/08/2026 11:00 AM ET,,$0.00,Hidden,Hidden,
2026-05-19T03:33:16,CLOSED,25000103CA,05/18/2026 11:00 AM ET,"14300 KAY LN PORT CHARLOTTE, FL- 33981","$625,897.80","$323,687.00",Hidden,412116456005
2026-05-19T03:33:16,CLOSED,25000109CA,05/18/2026 11:00 AM ET,"15154 APPLETON BLVD PORT CHARLOTTE, FL- 33981","$665,916.08","$360,205.00",Hidden,412127327005
2026-05-19T03:33:16,CLOSED,25000467CA,05/18/2026 11:00 AM ET,"16058 BRIDLE RIDGE ST PORT CHARLOTTE, FL- 33953","$263,775.91","$253,876.00",Hidden,402110109092
2026-05-19T03:33:16,CLOSED,25001301CA,05/18/2026 11:00 AM ET,"11748 OCEANSPRAY BLVD ENGLEWOOD, FL- 34224","$256,977.85","$118,852.00",Hidden,412001180019
2026-05-19T03:33:16,CLOSED,25000998CA,07/01/2026 11:00 AM ET,"16134 LIBOURN AVE PORT CHARLOTTE, FL- 33954","$282,609.91","$13,600.00",Hidden,402102103025
2026-05-20T03:33:25,NEW,25001511CA,07/01/2026 11:00 AM ET,,$0.00,Hidden,Hidden,
2026-05-20T03:33:25,NEW,25000891CA,07/08/2026 11:00 AM ET,,$0.00,Hidden,Hidden,
2026-05-20T03:33:25,NEW,25000689CA,07/29/2026 11:00 AM ET,,$0.00,Hidden,Hidden,
2026-05-21T03:33:08,CLOSED,24000771CC,05/20/2026 11:00 AM ET,"9 CALAMONDIN WAY PLACIDA, FL- 33946 Plaintiff max bid: $15,181.63","$15,181.63",Hidden,Hidden,Property Appraiser
2026-05-21T03:33:08,CLOSED,24001453CC,05/20/2026 11:00 AM ET,"131 WEST DR ROTONDA WEST, FL- 33947","$11,479.45","$19,975.00",Hidden,412022152002
2026-05-21T03:33:08,CLOSED,25000621CC,05/20/2026 11:00 AM ET,"1051 FORREST NELSON BLVD # A10 PORT CHARLOTTE, FL- 33952","$8,566.86","$129,744.00",Hidden,402209501002
2026-05-21T03:33:08,CLOSED,25000814CC,05/20/2026 11:00 AM ET,"43020 GREENWAY BLVD -BLDG 3-UN PUNTA GORDA, FL- 33982","$14,344.46","$220,971.00",Hidden,422620504008
2026-05-21T03:33:08,CLOSED,25000823CC,05/20/2026 11:00 AM ET,"43040 GREENWAY BLVD -BLDG 5-UN PUNTA GORDA, FL- 33982","$15,476.79","$220,971.00",Hidden,422620506040
2026-05-21T03:33:08,CLOSED,25001449CC,05/20/2026 11:00 AM ET,"2437 HARBOR BLVD -UNIT 119 PORT CHARLOTTE, FL- 33952","$9,257.80","$57,120.00",Hidden,402215802187
2026-05-21T03:33:08,CLOSED,25000359CA,05/22/2026 11:00 AM ET,"18438 ARAPAHOE CIR PORT CHARLOTTE, FL- 33948","$732,809.15","$817,410.00",Hidden,402231178012
2026-05-21T03:33:08,CLOSED,25001381CA,05/28/2026 11:00 AM ET,"26078 DOLMAN CT PUNTA GORDA, FL- 33983","$258,348.78","$329,826.00",Hidden,402309310001
2026-05-22T03:33:00,CLOSED,25000609CA,05/21/2026 11:00 AM ET,"9494 ROSEBUD CIR PORT CHARLOTTE, FL- 33981","$448,218.69","$282,987.00",Hidden,412122401002
2026-05-22T03:33:00,CLOSED,25000876CA,05/21/2026 11:00 AM ET,"17091 & 17093 CARLEEN AVE PORT CHARLOTTE, FL- 33948","$398,406.64","$29,750.00",Hidden,402113108016
2026-05-25T03:33:08,NEW,24002033CC,06/10/2026 11:00 AM ET,,$0.00,Hidden,Hidden,
2026-05-25T03:33:08,NEW,25000359CA,07/23/2026 11:00 AM ET,,$0.00,Hidden,Hidden,
2026-05-25T03:33:08,CLOSED,24001747CA,05/27/2026 11:00 AM ET,"2611 LAKESHORE CIR PORT CHARLOTTE, FL- 33952","$255,451.46","$18,142.00",Hidden,402216476024
2026-05-25T03:33:08,CLOSED,25001153CA,05/27/2026 11:00 AM ET,"10226 ACORN TRL PUNTA GORDA, FL- 33950","$235,005.94","$224,515.00",Hidden,412327128014
2026-05-26T03:33:08,CLOSED,24002033CC,06/10/2026 11:00 AM ET,,$0.00,Hidden,Hidden,
2026-05-26T03:33:08,CLOSED,25000869CA,06/10/2026 11:00 AM ET,"22489 LEWISTON AVE PORT CHARLOTTE, FL- 33952","$186,802.26","$162,818.00",Hidden,402223233010
2026-05-27T03:33:08,NEW,24002033CC,06/10/2026 11:00 AM ET,"12374 BLUE MARLIN RD PLACIDA, FL- 33946","$12,292.94","$8,712.00",Hidden,422104434017
2026-05-27T03:33:08,NEW,25000869CA,06/10/2026 11:00 AM ET,"22489 LEWISTON AVE PORT CHARLOTTE, FL- 33952","$186,802.26","$162,818.00",Hidden,402223233010
2026-05-27T03:33:08,NEW,25000762CA,07/08/2026 11:00 AM ET,,$0.00,Hidden,Hidden,
2026-05-27T03:33:08,CLOSED,24001455CA,05/27/2026 11:00 AM ET,"11679 CLAREMONT DR PORT CHARLOTTE, FL- 33981","$232,191.63","$224,089.00",Hidden,412001206005
2026-05-28T03:33:18,NEW,25000903CA,06/24/2026 11:00 AM ET,,$0.00,Hidden,Hidden,
2026-05-28T03:33:18,NEW,25001336CA,07/08/2026 11:00 AM ET,,$0.00,Hidden,Hidden,
2026-05-28T03:33:18,NEW,25001350CA,07/09/2026 11:00 AM ET,,$0.00,Hidden,Hidden,
2026-05-28T03:33:18,CLOSED,25000337CC,05/27/2026 11:00 AM ET,"5462 WILLIAMSBURG DR PUNTA GORDA, FL- 33982","$4,685.17","$529,575.00",Hidden,402334405005
2026-05-28T03:33:18,CLOSED,25000785CA,05/27/2026 11:00 AM ET,"2428 NUREMBERG BLVD PUNTA GORDA, FL- 33983","$416,707.75","$231,121.00",Hidden,402316327001
2026-05-28T03:33:18,CLOSED,25001057CA,05/27/2026 11:00 AM ET,"4519 BELFOUNTAIN ST PORT CHARLOTTE, FL- 33948","$328,926.71","$266,543.00",Hidden,402230479016
2026-05-29T03:30:11,CLOSED,25001030CA,05/28/2026 11:00 AM ET,"1493 RED OAK LN PORT CHARLOTTE, FL- 33948","$227,343.79","$223,264.00",Hidden,402208281018
2026-05-29T03:30:11,CLOSED,25000221CC,06/01/2026 11:00 AM ET,"4 THRUSH DR PLACIDA, FL- 33946 Plaintiff max bid: $10,466.70","$10,466.70",Hidden,Hidden,Property Appraiser
2026-05-29T03:30:11,CLOSED,25000900CA,06/01/2026 11:00 AM ET,"4366 EAGLET RD PORT CHARLOTTE, FL- 33980 Plaintiff max bid: $353,949.68","$353,949.68",Hidden,Hidden,Property Appraiser
2026-05-29T03:30:11,CLOSED,25000979CA,06/01/2026 11:00 AM ET,"8410 ROOSEVELT ST ENGLEWOOD, FL- 34224","$133,076.82","$124,828.00",Hidden,412021227012
2026-05-29T03:30:11,CLOSED,25001454CA,06/01/2026 11:00 AM ET,"2546 AMBROSE LN PORT CHARLOTTE, FL- 33952","$252,292.32","$147,928.00",Hidden,402215306010
2026-05-29T03:30:11,CLOSED,24001732CA,06/03/2026 11:00 AM ET,"6800 PLACIDA RD - UNIT 144 ENGLEWOOD, FL- 34224","$133,167.69","$139,230.00",Hidden,412028827051
2026-05-29T03:30:11,CLOSED,25000750CA,06/03/2026 11:00 AM ET,"5990 GILLOT BLVD PORT CHARLOTTE, FL- 33981","$437,853.46","$247,561.00",Hidden,402133356013
2026-05-29T03:30:11,CLOSED,25001151CA,06/04/2026 11:00 AM ET,"438 CELESTE ST PORT CHARLOTTE, FL- 33954","$331,475.49","$254,988.00",Hidden,402205353005
2026-05-29T03:30:11,CLOSED,25001524CC,06/04/2026 11:00 AM ET,"9259 LINGLE ST PORT CHARLOTTE, FL- 33981","$8,791.63","$10,541.00",Hidden,412123156008
2026-05-29T03:30:11,CLOSED,25000552CA,06/05/2026 11:00 AM ET,"15359 ANCEL CIR PORT CHARLOTTE, FL- 33981","$412,713.76","$402,901.00",Hidden,412122455019
2026-05-29T03:30:11,CLOSED,24002033CC,06/10/2026 11:00 AM ET,"12374 BLUE MARLIN RD PLACIDA, FL- 33946","$12,292.94","$8,712.00",Hidden,422104434017
2026-05-29T03:30:11,CLOSED,25000869CA,06/10/2026 11:00 AM ET,"22489 LEWISTON AVE PORT CHARLOTTE, FL- 33952","$186,802.26","$162,818.00",Hidden,402223233010
2026-05-29T03:30:11,CLOSED,25001025CA,06/11/2026 11:00 AM ET,"26265 FEATHERSOUND DR PUNTA GORDA, FL- 33955","$180,150.06","$393,523.00",Hidden,412328379001
2026-05-29T03:30:11,CLOSED,26000016CA,06/12/2026 11:00 AM ET,"3355 IDLEWILD ST PORT CHARLOTTE, FL- 33980","$322,499.22","$161,286.00",Hidden,402223287012
2026-05-29T03:30:11,CLOSED,26000040CA,06/12/2026 11:00 AM ET,"16443 HILLSBOROUGH BLVD PORT CHARLOTTE, FL- 33954","$439,424.42","$15,300.00",Hidden,402102226005
2026-05-29T03:30:11,CLOSED,24002282CA,06/15/2026 11:00 AM ET,"277 SEASONS DR PUNTA GORDA, FL- 33983","$393,066.35","$350,151.00",Hidden,402303301002
2026-05-29T03:30:11,CLOSED,25000470CA,06/15/2026 11:00 AM ET,"3086 TARRYWOOD TER PUNTA GORDA, FL- 33983","$43,878.93","$87,050.00",Hidden,402322132009
2026-05-29T03:30:11,CLOSED,25000838CA,06/15/2026 11:00 AM ET,"24276 PEPPERCORN RD PUNTA GORDA, FL- 33955","$312,240.22","$34,000.00",Hidden,422331254001
2026-05-29T03:30:11,CLOSED,24001935CA,06/17/2026 11:00 AM ET,"127 RODGERS AVE NE PORT CHARLOTTE, FL- 33952 Plaintiff max bid: $146,952.40","$146,952.40",Hidden,Hidden,Property Appraiser
2026-05-29T03:30:11,CLOSED,25000779CA,06/17/2026 11:00 AM ET,,"$1,094,385.84",Hidden,Hidden,
2026-05-29T03:30:11,CLOSED,25001065CA,06/17/2026 11:00 AM ET,"15456 PIEDMONT AVE PORT CHARLOTTE, FL- 33954","$198,021.98","$13,600.00",Hidden,402103229016
2026-05-29T03:30:11,CLOSED,25001360CA,06/17/2026 11:00 AM ET,"21275 AUSTIN AVE PORT CHARLOTTE, FL- 33952","$264,660.60","$150,452.00",Hidden,402215402001
2026-05-29T03:30:11,CLOSED,25001015CA,06/19/2026 11:00 AM ET,"26357 TRINILAS DR PUNTA GORDA, FL- 33983","$325,566.76","$381,490.00",Hidden,402304201008
2026-05-29T03:30:11,CLOSED,25001222CA,06/19/2026 11:00 AM ET,"9057 AVALON AVENUE ENGLEWOOD, FL- 34224 Plaintiff max bid: $311,281.03 page of 1","$311,281.03",Hidden,Hidden,Property Appraiser
2026-05-29T03:30:11,CLOSED,25001241CA,06/22/2026 11:00 AM ET,,"$1,009,111.26",Hidden,Hidden,
2026-05-29T03:30:11,CLOSED,25000903CA,06/24/2026 11:00 AM ET,,$0.00,Hidden,Hidden,
2026-05-29T03:30:11,CLOSED,24001010CA,06/25/2026 11:00 AM ET,"18107 STEELE AVE PORT CHARLOTTE, FL- 33948","$293,693.41","$155,712.00",Hidden,402218356009
2026-05-29T03:30:11,CLOSED,25001103CA,06/29/2026 11:00 AM ET,"3412 WESTLUND TER PORT CHARLOTTE, FL- 33952","$183,479.66","$135,680.00",Hidden,402222278001
2026-05-29T03:30:11,CLOSED,25001759CC,06/29/2026 11:00 AM ET,"1573 NAVIGATOR RD PUNTA GORDA, FL- 33983","$3,282.86","$29,121.00",Hidden,402309476013
2026-05-29T03:30:11,CLOSED,26000039CA,06/29/2026 11:00 AM ET,"14914 SAN DOMINGO BLVD PORT CHARLOTTE, FL- 33981","$394,273.28","$20,400.00",Hidden,412121228008
2026-05-29T03:30:11,CLOSED,25000758CA,07/01/2026 11:00 AM ET,"9057 BANTRY BAY BLVD ENGLEWOOD, FL- 34224","$439,377.55","$21,251.00",Hidden,412027107003
2026-05-29T03:30:11,CLOSED,25001511CA,07/01/2026 11:00 AM ET,"1051 FORREST NELSON BLVD - UNI PORT CHARLOTTE, FL- 33952","$200,922.53","$129,744.00",Hidden,402209501002
2026-05-29T03:30:11,CLOSED,21001037CA,07/06/2026 11:00 AM ET,"16130 ARALIA DR PUNTA GORDA, FL- 33955","$96,338.12","$80,511.00",Hidden,422430202009
2026-05-29T03:30:11,CLOSED,25000762CA,07/08/2026 11:00 AM ET,"21426 BEAVERTON AVE PORT CHARLOTTE, FL- 33952","$306,584.20","$286,764.00",Hidden,402210229014
2026-05-29T03:30:11,CLOSED,25000891CA,07/08/2026 11:00 AM ET,"13440 MURIEL AVE PORT CHARLOTTE, FL- 33981","$123,389.47","$52,282.00",Hidden,412105427025
2026-05-29T03:30:11,CLOSED,25000997CA,07/08/2026 11:00 AM ET,"8207 WELSFORD RD PORT CHARLOTTE, FL- 33981","$78,523.15","$20,400.00",Hidden,412115154013
2026-05-29T03:30:11,CLOSED,25001336CA,07/08/2026 11:00 AM ET,,$0.00,Hidden,Hidden,
2026-05-29T03:30:11,CLOSED,25001350CA,07/09/2026 11:00 AM ET,,$0.00,Hidden,Hidden,
2026-05-29T03:30:11,CLOSED,25000359CA,07/23/2026 11:00 AM ET,"18438 ARAPAHOE CIR PORT CHARLOTTE, FL- 33948","$732,809.15","$817,410.00",Hidden,402231178012
2026-05-29T03:30:11,CLOSED,25000689CA,07/29/2026 11:00 AM ET,"3319 DOMINICA CT PUNTA GORDA, FL- 33950","$150,291.44","$377,030.00",Hidden,412214377010
2026-05-29T03:30:11,CLOSED,25001061CA,08/26/2026 11:00 AM ET,"362 SALVADOR DR PUNTA GORDA, FL- 33983","$183,629.31","$320,025.00",Hidden,402305412006
2026-06-01T03:33:28,NEW,25000221CC,06/01/2026 11:00 AM ET,"4 THRUSH DR PLACIDA, FL- 33946 Plaintiff max bid: $10,466.70","$10,466.70",Hidden,Hidden,Property Appraiser
2026-06-01T03:33:28,NEW,25000900CA,06/01/2026 11:00 AM ET,"4366 EAGLET RD PORT CHARLOTTE, FL- 33980 Plaintiff max bid: Hidden","$353,949.68",Hidden,Hidden,Property Appraiser
2026-06-01T03:33:28,NEW,25000979CA,06/01/2026 11:00 AM ET,"8410 ROOSEVELT ST ENGLEWOOD, FL- 34224","$133,076.82","$124,828.00",Hidden,412021227012
2026-06-01T03:33:28,NEW,25001454CA,06/01/2026 11:00 AM ET,"2546 AMBROSE LN PORT CHARLOTTE, FL- 33952","$252,292.32","$147,928.00",Hidden,402215306010
2026-06-01T03:33:28,NEW,24001732CA,06/03/2026 11:00 AM ET,"6800 PLACIDA RD - UNIT 144 ENGLEWOOD, FL- 34224","$133,167.69","$139,230.00",Hidden,412028827051
2026-06-01T03:33:28,NEW,25000750CA,06/03/2026 11:00 AM ET,"5990 GILLOT BLVD PORT CHARLOTTE, FL- 33981","$437,853.46","$247,561.00",Hidden,402133356013
2026-06-01T03:33:28,NEW,25001151CA,06/04/2026 11:00 AM ET,"438 CELESTE ST PORT CHARLOTTE, FL- 33954","$331,475.49","$254,988.00",Hidden,402205353005
2026-06-01T03:33:28,NEW,25001524CC,06/04/2026 11:00 AM ET,"9259 LINGLE ST PORT CHARLOTTE, FL- 33981","$8,791.63","$10,541.00",Hidden,412123156008
2026-06-01T03:33:28,NEW,24000008CC,06/05/2026 11:00 AM ET,,$0.00,Hidden,Hidden,
2026-06-01T03:33:28,NEW,25000552CA,06/05/2026 11:00 AM ET,"15359 ANCEL CIR PORT CHARLOTTE, FL- 33981","$412,713.76","$402,901.00",Hidden,412122455019
2026-06-01T03:33:28,NEW,24002033CC,06/10/2026 11:00 AM ET,"12374 BLUE MARLIN RD PLACIDA, FL- 33946","$12,292.94","$8,712.00",Hidden,422104434017
2026-06-01T03:33:28,NEW,25000869CA,06/10/2026 11:00 AM ET,"22489 LEWISTON AVE PORT CHARLOTTE, FL- 33952","$186,802.26","$162,818.00",Hidden,402223233010
2026-06-01T03:33:28,NEW,25001025CA,06/11/2026 11:00 AM ET,"26265 FEATHERSOUND DR PUNTA GORDA, FL- 33955","$180,150.06","$393,523.00",Hidden,412328379001
2026-06-01T03:33:28,NEW,26000016CA,06/12/2026 11:00 AM ET,"3355 IDLEWILD ST PORT CHARLOTTE, FL- 33980","$322,499.22","$161,286.00",Hidden,402223287012
2026-06-01T03:33:28,NEW,26000040CA,06/12/2026 11:00 AM ET,"16443 HILLSBOROUGH BLVD PORT CHARLOTTE, FL- 33954","$439,424.42","$15,300.00",Hidden,402102226005
2026-06-01T03:33:28,NEW,24002282CA,06/15/2026 11:00 AM ET,"277 SEASONS DR PUNTA GORDA, FL- 33983","$393,066.35","$350,151.00",Hidden,402303301002
2026-06-01T03:33:28,NEW,25000470CA,06/15/2026 11:00 AM ET,"3086 TARRYWOOD TER PUNTA GORDA, FL- 33983","$43,878.93","$87,050.00",Hidden,402322132009
2026-06-01T03:33:28,NEW,25000838CA,06/15/2026 11:00 AM ET,"24276 PEPPERCORN RD PUNTA GORDA, FL- 33955","$312,240.22","$34,000.00",Hidden,422331254001
2026-06-01T03:33:28,NEW,24001935CA,06/17/2026 11:00 AM ET,"127 RODGERS AVE NE PORT CHARLOTTE, FL- 33952 Plaintiff max bid: $146,952.40","$146,952.40",Hidden,Hidden,Property Appraiser
2026-06-01T03:33:28,NEW,25000779CA,06/17/2026 11:00 AM ET,,"$1,094,385.84",Hidden,Hidden,
2026-06-01T03:33:28,NEW,25001065CA,06/17/2026 11:00 AM ET,"15456 PIEDMONT AVE PORT CHARLOTTE, FL- 33954","$198,021.98","$13,600.00",Hidden,402103229016
2026-06-01T03:33:28,NEW,25001360CA,06/17/2026 11:00 AM ET,"21275 AUSTIN AVE PORT CHARLOTTE, FL- 33952","$264,660.60","$150,452.00",Hidden,402215402001
2026-06-01T03:33:28,NEW,25001015CA,06/19/2026 11:00 AM ET,"26357 TRINILAS DR PUNTA GORDA, FL- 33983","$325,566.76","$381,490.00",Hidden,402304201008
2026-06-01T03:33:28,NEW,25001222CA,06/19/2026 11:00 AM ET,"9057 AVALON AVENUE ENGLEWOOD, FL- 34224 Plaintiff max bid: $311,281.03 page of 1","$311,281.03",Hidden,Hidden,Property Appraiser
2026-06-01T03:33:28,NEW,25001241CA,06/22/2026 11:00 AM ET,,"$1,009,111.26",Hidden,Hidden,
2026-06-01T03:33:28,NEW,25000903CA,06/24/2026 11:00 AM ET,"26052 LUZON CT PUNTA GORDA, FL- 33983","$261,352.45","$143,799.00",Hidden,402316307004
2026-06-01T03:33:28,NEW,24001010CA,06/25/2026 11:00 AM ET,"18107 STEELE AVE PORT CHARLOTTE, FL- 33948","$293,693.41","$155,712.00",Hidden,402218356009
2026-06-01T03:33:28,NEW,25001297CA,06/25/2026 11:00 AM ET,"27441 NATAL DR PUNTA GORDA, FL- 33983","$349,658.20","$283,452.00",Hidden,402303482007
2026-06-01T03:33:28,NEW,25001169CC,06/26/2026 11:00 AM ET,"9068 TUNIS AVE ENGLEWOOD, FL- 34224","$68,365.62","$82,644.00",Hidden,412003304011
2026-06-01T03:33:28,NEW,25001103CA,06/29/2026 11:00 AM ET,"3412 WESTLUND TER PORT CHARLOTTE, FL- 33952","$183,479.66","$135,680.00",Hidden,402222278001
2026-06-01T03:33:28,NEW,25001161CA,06/29/2026 11:00 AM ET,"23232 FULLERTON AVE PORT CHARLOTTE, FL- 33980","$409,331.74","$369,133.00",Hidden,402212378006
2026-06-01T03:33:28,NEW,25001759CC,06/29/2026 11:00 AM ET,"1573 NAVIGATOR RD PUNTA GORDA, FL- 33983","$3,282.86","$29,121.00",Hidden,402309476013
2026-06-01T03:33:28,NEW,26000039CA,06/29/2026 11:00 AM ET,"14914 SAN DOMINGO BLVD PORT CHARLOTTE, FL- 33981","$394,273.28","$20,400.00",Hidden,412121228008
2026-06-01T03:33:28,NEW,25000758CA,07/01/2026 11:00 AM ET,"9057 BANTRY BAY BLVD ENGLEWOOD, FL- 34224","$439,377.55","$21,251.00",Hidden,412027107003
2026-06-01T03:33:28,NEW,25001511CA,07/01/2026 11:00 AM ET,"1051 FORREST NELSON BLVD - UNI PORT CHARLOTTE, FL- 33952","$200,922.53","$129,744.00",Hidden,402209501002
2026-06-01T03:33:28,NEW,21001037CA,07/06/2026 11:00 AM ET,"16130 ARALIA DR PUNTA GORDA, FL- 33955","$96,338.12","$80,511.00",Hidden,422430202009
2026-06-01T03:33:28,NEW,25000762CA,07/08/2026 11:00 AM ET,"21426 BEAVERTON AVE PORT CHARLOTTE, FL- 33952","$306,584.20","$286,764.00",Hidden,402210229014
2026-06-01T03:33:28,NEW,25000891CA,07/08/2026 11:00 AM ET,"13440 MURIEL AVE PORT CHARLOTTE, FL- 33981","$123,389.47","$52,282.00",Hidden,412105427025
2026-06-01T03:33:28,NEW,25000997CA,07/08/2026 11:00 AM ET,"8207 WELSFORD RD PORT CHARLOTTE, FL- 33981","$78,523.15","$20,400.00",Hidden,412115154013
2026-06-01T03:33:28,NEW,25001336CA,07/08/2026 11:00 AM ET,,"$2,199,793.81",Hidden,Hidden,
2026-06-01T03:33:28,NEW,25001350CA,07/09/2026 11:00 AM ET,"4449 PARMELY ST PORT CHARLOTTE, FL- 33980 Plaintiff max bid: $175,919.19","$175,919.19",Hidden,Hidden,Property Appraiser
2026-06-01T03:33:28,NEW,25001353CA,07/09/2026 11:00 AM ET,"26508 HAPSBURG ROAD PUNTA GORDA, FL- 33955 Plaintiff max bid: $152,493.48 page of 1","$152,493.48",Hidden,Hidden,Property Appraiser
2026-06-01T03:33:28,NEW,24001455CA,07/10/2026 11:00 AM ET,"11679 CLAREMONT DR PORT CHARLOTTE, FL- 33981","$232,191.63","$224,089.00",Hidden,412001206005
2026-06-01T03:33:28,NEW,25001092CA,07/17/2026 11:00 AM ET,,$0.00,Hidden,Hidden,
2026-06-01T03:33:28,NEW,25000359CA,07/23/2026 11:00 AM ET,"18438 ARAPAHOE CIR PORT CHARLOTTE, FL- 33948","$732,809.15","$817,410.00",Hidden,402231178012
2026-06-01T03:33:28,NEW,25000689CA,07/29/2026 11:00 AM ET,"3319 DOMINICA CT PUNTA GORDA, FL- 33950","$150,291.44","$377,030.00",Hidden,412214377010
2026-06-01T03:33:28,NEW,25001061CA,08/26/2026 11:00 AM ET,"362 SALVADOR DR PUNTA GORDA, FL- 33983","$183,629.31","$320,025.00",Hidden,402305412006
2026-06-02T03:33:20,NEW,24001219CA,06/26/2026 11:00 AM ET,,$0.00,Hidden,Hidden,
2026-06-02T03:33:20,NEW,25000863CA,06/29/2026 11:00 AM ET,"11113 CARNEGIE AVE ENGLEWOOD, FL- 34224","$152,278.59","$167,338.00",Hidden,412012102009
2026-06-02T03:33:20,NEW,25001031CA,07/08/2026 11:00 AM ET,"3257 CRESTWOOD DR PORT CHARLOTTE, FL- 33952","$163,688.99","$107,886.00",Hidden,402222276022
2026-06-02T03:33:20,NEW,25001317CA,07/17/2026 11:00 AM ET,,$0.00,Hidden,Hidden,
2026-06-02T03:33:20,CLOSED,25000221CC,06/01/2026 11:00 AM ET,"4 THRUSH DR PLACIDA, FL- 33946 Plaintiff max bid: $10,466.70","$10,466.70",Hidden,Hidden,Property Appraiser
2026-06-02T03:33:20,CLOSED,25000900CA,06/01/2026 11:00 AM ET,"4366 EAGLET RD PORT CHARLOTTE, FL- 33980 Plaintiff max bid: Hidden","$353,949.68",Hidden,Hidden,Property Appraiser
2026-06-02T03:33:20,CLOSED,25000979CA,06/01/2026 11:00 AM ET,"8410 ROOSEVELT ST ENGLEWOOD, FL- 34224","$133,076.82","$124,828.00",Hidden,412021227012
2026-06-02T03:33:20,CLOSED,25001454CA,06/01/2026 11:00 AM ET,"2546 AMBROSE LN PORT CHARLOTTE, FL- 33952","$252,292.32","$147,928.00",Hidden,402215306010
2026-06-03T03:33:27,NEW,25000671CA,07/02/2026 11:00 AM ET,,$0.00,Hidden,Hidden,
2026-06-05T03:33:20,NEW,24000530CA,06/29/2026 11:00 AM ET,"26166 PAYSANDU DR PUNTA GORDA, FL- 33983","$236,662.52","$334,648.00",Hidden,402304128004
2026-06-05T03:33:20,NEW,25001501CA,06/29/2026 11:00 AM ET,"6002 SAFFORD ST PUNTA GORDA, FL- 33950","$355,231.68","$167,074.00",Hidden,412327152001
2026-06-05T03:33:20,NEW,25000652CA,07/20/2026 11:00 AM ET,"17941 SADDLE ROAD PUNTA GORDA, FL- 33982 Plaintiff max bid: $11,593.31 page of 1","$11,593.31",Hidden,Hidden,Property Appraiser
2026-06-05T03:33:20,CLOSED,24001732CA,06/03/2026 11:00 AM ET,"6800 PLACIDA RD - UNIT 144 ENGLEWOOD, FL- 34224","$133,167.69","$139,230.00",Hidden,412028827051
2026-06-05T03:33:20,CLOSED,25000750CA,06/03/2026 11:00 AM ET,"5990 GILLOT BLVD PORT CHARLOTTE, FL- 33981","$437,853.46","$247,561.00",Hidden,402133356013
2026-06-05T03:33:20,CLOSED,25001151CA,06/04/2026 11:00 AM ET,"438 CELESTE ST PORT CHARLOTTE, FL- 33954","$331,475.49","$254,988.00",Hidden,402205353005
2026-06-05T03:33:20,CLOSED,25001524CC,06/04/2026 11:00 AM ET,"9259 LINGLE ST PORT CHARLOTTE, FL- 33981","$8,791.63","$10,541.00",Hidden,412123156008
2026-06-08T03:33:20,NEW,24001360CC,07/08/2026 11:00 AM ET,"14459 RIVER BEACH DR -BLDG B-U PORT CHARLOTTE, FL- 33953","$64,917.65","$144,670.00",Hidden,402128851034
2026-06-08T03:33:20,NEW,25001246CA,08/06/2026 11:00 AM ET,,$0.00,Hidden,Hidden,
2026-06-08T03:33:20,CLOSED,24000008CC,06/05/2026 11:00 AM ET,"73 CLUBHOUSE RD ROTONDA WEST, FL- 33947","$8,895.34","$23,273.00",Hidden,412014253001
2026-06-08T03:33:20,CLOSED,25000552CA,06/05/2026 11:00 AM ET,"15359 ANCEL CIR PORT CHARLOTTE, FL- 33981","$412,713.76","$402,901.00",Hidden,412122455019
2026-06-08T03:33:20,CLOSED,25001297CA,06/25/2026 11:00 AM ET,"27441 NATAL DR PUNTA GORDA, FL- 33983","$349,658.20","$283,452.00",Hidden,402303482007
2026-06-09T03:33:19,CLOSED,25000869CA,06/10/2026 11:00 AM ET,"22489 LEWISTON AVE PORT CHARLOTTE, FL- 33952","$186,802.26","$162,818.00",Hidden,402223233010
2026-06-10T03:33:30,NEW,25001256CA,06/12/2026 11:00 AM ET,"21459 OLEAN BLVD PORT CHARLOTTE, FL- 33952","$273,667.38","$154,853.00",Hidden,402222227004
2026-06-10T03:33:30,NEW,26000149CA,07/22/2026 11:00 AM ET,,$0.00,Hidden,Hidden,
2026-06-10T03:33:30,CLOSED,24002282CA,06/15/2026 11:00 AM ET,"277 SEASONS DR PUNTA GORDA, FL- 33983","$393,066.35","$350,151.00",Hidden,402303301002
2026-06-10T03:33:30,CLOSED,25001759CC,06/29/2026 11:00 AM ET,"1573 NAVIGATOR RD PUNTA GORDA, FL- 33983","$3,282.86","$29,121.00",Hidden,402309476013
2026-06-11T03:33:30,NEW,24001451CC,06/15/2026 11:00 AM ET,"236 SUNSET RD ROTONDA WEST, FL- 33947 Plaintiff max bid: $12,665.16","$12,665.16",Hidden,Hidden,Property Appraiser
2026-06-11T03:33:30,NEW,25001734CA,07/08/2026 11:00 AM ET,,$0.00,Hidden,Hidden,
2026-06-11T03:33:30,NEW,26000123CA,07/08/2026 11:00 AM ET,,$0.00,Hidden,Hidden,
2026-06-11T03:33:30,NEW,25001456CA,07/09/2026 11:00 AM ET,,$0.00,Hidden,Hidden,
2026-06-11T03:33:30,NEW,25001171CA,07/16/2026 11:00 AM ET,,$0.00,Hidden,Hidden,
2026-06-11T03:33:30,NEW,25001324CA,07/22/2026 11:00 AM ET,,$0.00,Hidden,Hidden,
2026-06-11T03:33:30,NEW,25000978CA,07/23/2026 11:00 AM ET,,$0.00,Hidden,Hidden,
2026-06-11T03:33:30,CLOSED,24002033CC,06/10/2026 11:00 AM ET,"12374 BLUE MARLIN RD PLACIDA, FL- 33946","$12,292.94","$8,712.00",Hidden,422104434017
2026-06-12T03:33:43,NEW,25001295CA,07/08/2026 11:00 AM ET,,$0.00,Hidden,Hidden,
2026-06-12T03:33:43,NEW,24002312CA,07/13/2026 11:00 AM ET,,$0.00,Hidden,Hidden,
2026-06-12T03:33:43,NEW,25000990CA,07/24/2026 11:00 AM ET,,$0.00,Hidden,Hidden,
2026-06-12T03:33:43,NEW,25001313CA,08/12/2026 11:00 AM ET,"23441 MCWHIRTER AVE PORT CHARLOTTE, FL- 33980","$258,591.86","$16,575.00",Hidden,402213280004
2026-06-12T03:33:43,CLOSED,25001025CA,06/11/2026 11:00 AM ET,"26265 FEATHERSOUND DR PUNTA GORDA, FL- 33955","$180,150.06","$393,523.00",Hidden,412328379001
2026-06-15T03:33:43,NEW,25001675CA,07/01/2026 11:00 AM ET,,$0.00,Hidden,Hidden,
2026-06-15T03:33:43,NEW,25001105CA,07/06/2026 11:00 AM ET,,$0.00,Hidden,Hidden,
2026-06-15T03:33:43,NEW,24002282CA,07/23/2026 11:00 AM ET,,$0.00,Hidden,Hidden,
2026-06-15T03:33:43,NEW,25001524CA,08/05/2026 11:00 AM ET,,$0.00,Hidden,Hidden,
2026-06-15T03:33:43,NEW,26000001CA,08/05/2026 11:00 AM ET,,$0.00,Hidden,Hidden,
2026-06-15T03:33:43,NEW,25001005CA,08/26/2026 11:00 AM ET,,$0.00,Hidden,Hidden,
2026-06-15T03:33:43,CLOSED,25001256CA,06/12/2026 11:00 AM ET,"21459 OLEAN BLVD PORT CHARLOTTE, FL- 33952","$273,667.38","$154,853.00",Hidden,402222227004
2026-06-15T03:33:43,CLOSED,26000016CA,06/12/2026 11:00 AM ET,"3355 IDLEWILD ST PORT CHARLOTTE, FL- 33980","$322,499.22","$161,286.00",Hidden,402223287012
2026-06-15T03:33:43,CLOSED,26000040CA,06/12/2026 11:00 AM ET,"16443 HILLSBOROUGH BLVD PORT CHARLOTTE, FL- 33954","$439,424.42","$15,300.00",Hidden,402102226005
2026-06-16T03:33:35,CLOSED,24001451CC,06/15/2026 11:00 AM ET,"236 SUNSET RD ROTONDA WEST, FL- 33947 Plaintiff max bid: $12,665.16","$12,665.16",Hidden,Hidden,Property Appraiser
2026-06-16T03:33:35,CLOSED,25000470CA,06/15/2026 11:00 AM ET,"3086 TARRYWOOD TER PUNTA GORDA, FL- 33983","$43,878.93","$87,050.00",Hidden,402322132009
2026-06-16T03:33:35,CLOSED,25000838CA,06/15/2026 11:00 AM ET,"24276 PEPPERCORN RD PUNTA GORDA, FL- 33955","$312,240.22","$34,000.00",Hidden,422331254001
2026-06-18T03:33:27,NEW,25000895CA,07/16/2026 11:00 AM ET,,$0.00,Hidden,Hidden,
2026-06-18T03:33:27,CLOSED,24001935CA,06/17/2026 11:00 AM ET,"127 RODGERS AVE NE PORT CHARLOTTE, FL- 33952 Plaintiff max bid: $127,600.00","$146,952.40",Hidden,Hidden,Property Appraiser
2026-06-18T03:33:27,CLOSED,25000779CA,06/17/2026 11:00 AM ET,,"$1,094,385.84",Hidden,Hidden,
2026-06-18T03:33:27,CLOSED,25001065CA,06/17/2026 11:00 AM ET,"15456 PIEDMONT AVE PORT CHARLOTTE, FL- 33954","$198,021.98","$13,600.00",Hidden,402103229016
2026-06-18T03:33:27,CLOSED,25001360CA,06/17/2026 11:00 AM ET,"21275 AUSTIN AVE PORT CHARLOTTE, FL- 33952","$264,660.60","$150,452.00",Hidden,402215402001
2026-06-19T03:33:28,NEW,25001657CA,07/16/2026 11:00 AM ET,,$0.00,Hidden,Hidden,
2026-06-19T03:33:28,NEW,25000937CA,07/23/2026 11:00 AM ET,,$0.00,Hidden,Hidden,
2026-06-19T03:33:28,CLOSED,25001222CA,06/19/2026 11:00 AM ET,"9057 AVALON AVENUE ENGLEWOOD, FL- 34224 Plaintiff max bid: $316,834.91 page of 1","$311,281.03",Hidden,Hidden,Property Appraiser
2026-06-22T03:33:28,NEW,24001356CC,07/29/2026 11:00 AM ET,,$0.00,Hidden,Hidden,
2026-06-22T03:33:28,NEW,24001604CC,07/29/2026 11:00 AM ET,,$0.00,Hidden,Hidden,
2026-06-22T03:33:28,NEW,25001661CA,08/13/2026 11:00 AM ET,,$0.00,Hidden,Hidden,
2026-06-22T03:33:28,CLOSED,25001015CA,06/19/2026 11:00 AM ET,"26357 TRINILAS DR PUNTA GORDA, FL- 33983","$325,566.76","$381,490.00",Hidden,402304201008
2026-06-23T03:33:30,NEW,25001614CA,07/15/2026 11:00 AM ET,,$0.00,Hidden,Hidden,
2026-06-23T03:33:30,NEW,25002081CC,08/05/2026 11:00 AM ET,,$0.00,Hidden,Hidden,
2026-06-23T03:33:30,CLOSED,25001241CA,06/22/2026 11:00 AM ET,,"$1,009,111.26",Hidden,Hidden,
2026-06-23T03:33:30,CLOSED,24001219CA,06/26/2026 11:00 AM ET,"111 RODGERS AVE NE PORT CHARLOTTE, FL- 33952 Plaintiff max bid: $70,154.42","$70,154.42",Hidden,Hidden,Property Appraiser
2026-06-24T03:33:28,NEW,25001254CA,07/22/2026 11:00 AM ET,,$0.00,Hidden,Hidden,
2026-06-24T03:33:28,NEW,25000879CA,07/24/2026 11:00 AM ET,,$0.00,Hidden,Hidden,
2026-06-24T03:33:28,NEW,25001297CA,07/27/2026 11:00 AM ET,,$0.00,Hidden,Hidden,
2026-06-25T03:33:28,NEW,24001747CA,07/22/2026 11:00 AM ET,"2611 LAKESHORE CIR PORT CHARLOTTE, FL- 33952","$255,451.46","$18,142.00",Hidden,402216476024
2026-06-25T03:33:28,CLOSED,25000903CA,06/24/2026 11:00 AM ET,"26052 LUZON CT PUNTA GORDA, FL- 33983","$261,352.45","$143,799.00",Hidden,402316307004
2026-06-26T03:33:25,NEW,25000851CA,07/20/2026 11:00 AM ET,,$0.00,Hidden,Hidden,
2026-06-26T03:33:25,CLOSED,24001010CA,06/25/2026 11:00 AM ET,"18107 STEELE AVE PORT CHARLOTTE, FL- 33948","$293,693.41","$155,712.00",Hidden,402218356009
2026-06-26T03:33:25,CLOSED,25001103CA,06/29/2026 11:00 AM ET,"3412 WESTLUND TER PORT CHARLOTTE, FL- 33952","$183,479.66","$135,680.00",Hidden,402222278001
2026-06-26T03:33:25,CLOSED,25001297CA,07/27/2026 11:00 AM ET,,$0.00,Hidden,Hidden,
2026-06-29T03:33:22,NEW,25001353CC,06/29/2026 11:00 AM ET,"8320 RIVERSIDE DRIVE # 4129 PUNTA GORDA, FL- 33982 Plaintiff max bid: $9,245.35","$9,245.35",Hidden,Hidden,Property Appraiser
2026-06-29T03:33:22,NEW,25000634CA,07/15/2026 11:00 AM ET,,$0.00,Hidden,Hidden,
2026-06-29T03:33:22,NEW,25001439CA,07/22/2026 11:00 AM ET,,$0.00,Hidden,Hidden,
2026-06-29T03:33:22,CLOSED,24000530CA,06/29/2026 11:00 AM ET,"26166 PAYSANDU DR PUNTA GORDA, FL- 33983","$236,662.52","$334,648.00",Hidden,402304128004
2026-06-29T03:33:22,CLOSED,25001501CA,06/29/2026 11:00 AM ET,"6002 SAFFORD ST PUNTA GORDA, FL- 33950","$355,231.68","$167,074.00",Hidden,412327152001
2026-06-30T03:30:08,CLOSED,25000863CA,06/29/2026 11:00 AM ET,"11113 CARNEGIE AVE ENGLEWOOD, FL- 34224","$152,278.59","$167,338.00",Hidden,412012102009
2026-06-30T03:30:08,CLOSED,25001161CA,06/29/2026 11:00 AM ET,"23232 FULLERTON AVE PORT CHARLOTTE, FL- 33980","$409,331.74","$369,133.00",Hidden,402212378006
2026-06-30T03:30:08,CLOSED,25001353CC,06/29/2026 11:00 AM ET,"8320 RIVERSIDE DRIVE # 4129 PUNTA GORDA, FL- 33982 Plaintiff max bid: $9,245.35","$9,245.35",Hidden,Hidden,Property Appraiser
2026-06-30T03:30:08,CLOSED,26000039CA,06/29/2026 11:00 AM ET,"14914 SAN DOMINGO BLVD PORT CHARLOTTE, FL- 33981","$394,273.28","$20,400.00",Hidden,412121228008
2026-06-30T03:30:08,CLOSED,25000758CA,07/01/2026 11:00 AM ET,"9057 BANTRY BAY BLVD ENGLEWOOD, FL- 34224","$439,377.55","$21,251.00",Hidden,412027107003
2026-06-30T03:30:08,CLOSED,25001511CA,07/01/2026 11:00 AM ET,"1051 FORREST NELSON BLVD - UNI PORT CHARLOTTE, FL- 33952","$200,922.53","$129,744.00",Hidden,402209501002
2026-06-30T03:30:08,CLOSED,25001675CA,07/01/2026 11:00 AM ET,"22201 OLEAN BLVD PORT CHARLOTTE, FL- 33952","$223,581.48","$136,415.00",Hidden,402223128008
2026-06-30T03:30:08,CLOSED,25000671CA,07/02/2026 11:00 AM ET,"7347 SUNNYBROOK BLVD ENGLEWOOD, FL- 34224","$339,998.65","$294,245.00",Hidden,412011430018
2026-06-30T03:30:08,CLOSED,21001037CA,07/06/2026 11:00 AM ET,"16130 ARALIA DR PUNTA GORDA, FL- 33955","$96,338.12","$80,511.00",Hidden,422430202009
2026-06-30T03:30:08,CLOSED,25001105CA,07/06/2026 11:00 AM ET,"167 MOCHA CT PUNTA GORDA, FL- 33983","$375,408.61","$290,693.00",Hidden,402304212003
2026-06-30T03:30:08,CLOSED,24001360CC,07/08/2026 11:00 AM ET,"14459 RIVER BEACH DR -BLDG B-U PORT CHARLOTTE, FL- 33953","$64,917.65","$144,670.00",Hidden,402128851034
2026-06-30T03:30:08,CLOSED,25000762CA,07/08/2026 11:00 AM ET,"21426 BEAVERTON AVE PORT CHARLOTTE, FL- 33952","$306,584.20","$286,764.00",Hidden,402210229014
2026-06-30T03:30:08,CLOSED,25000891CA,07/08/2026 11:00 AM ET,"13440 MURIEL AVE PORT CHARLOTTE, FL- 33981","$123,389.47","$52,282.00",Hidden,412105427025
2026-06-30T03:30:08,CLOSED,25000997CA,07/08/2026 11:00 AM ET,"8207 WELSFORD RD PORT CHARLOTTE, FL- 33981","$78,523.15","$20,400.00",Hidden,412115154013
2026-06-30T03:30:08,CLOSED,25001031CA,07/08/2026 11:00 AM ET,"3257 CRESTWOOD DR PORT CHARLOTTE, FL- 33952","$163,688.99","$107,886.00",Hidden,402222276022
2026-06-30T03:30:08,CLOSED,25001295CA,07/08/2026 11:00 AM ET,"477 RICOLD TER PORT CHARLOTTE, FL- 33954","$280,345.50","$184,149.00",Hidden,402205478009
2026-06-30T03:30:08,CLOSED,25001336CA,07/08/2026 11:00 AM ET,"2025 TAMIAMI TRL PORT CHARLOTTE, FL- 33948","$2,220,101.13","$2,857,121.00",Hidden,402217208003
2026-06-30T03:30:08,CLOSED,25001734CA,07/08/2026 11:00 AM ET,"611 FLORAL LN PORT CHARLOTTE, FL- 33952","$257,785.42","$139,264.00",Hidden,402227282001
2026-06-30T03:30:08,CLOSED,26000123CA,07/08/2026 11:00 AM ET,"27349 ALOHA DR PUNTA GORDA, FL- 33955","$251,744.10","$263,954.00",Hidden,422310207010
2026-06-30T03:30:08,CLOSED,25001350CA,07/09/2026 11:00 AM ET,"4449 PARMELY ST PORT CHARLOTTE, FL- 33980 Plaintiff max bid: $175,919.19","$175,919.19",Hidden,Hidden,Property Appraiser
2026-06-30T03:30:08,CLOSED,25001353CA,07/09/2026 11:00 AM ET,"26508 HAPSBURG ROAD PUNTA GORDA, FL- 33955 Plaintiff max bid: $152,493.48","$152,493.48",Hidden,Hidden,Property Appraiser
2026-06-30T03:30:08,CLOSED,25001456CA,07/09/2026 11:00 AM ET,"43620 SPARROW DR PUNTA GORDA, FL- 33982","$427,500.06","$282,719.00",Hidden,422629106096
2026-06-30T03:30:08,CLOSED,24001455CA,07/10/2026 11:00 AM ET,"11679 CLAREMONT DR PORT CHARLOTTE, FL- 33981","$232,191.63","$224,089.00",Hidden,412001206005
2026-06-30T03:30:08,CLOSED,24002312CA,07/13/2026 11:00 AM ET,,$0.00,Hidden,Hidden,
2026-06-30T03:30:08,CLOSED,25000634CA,07/15/2026 11:00 AM ET,,$0.00,Hidden,Hidden,
2026-06-30T03:30:08,CLOSED,25001614CA,07/15/2026 11:00 AM ET,,$0.00,Hidden,Hidden,
2026-06-30T03:30:08,CLOSED,25000895CA,07/16/2026 11:00 AM ET,"2503 CONWAY BLVD PORT CHARLOTTE, FL- 33952","$181,561.71","$258,934.00",Hidden,402214379001
2026-06-30T03:30:08,CLOSED,25001171CA,07/16/2026 11:00 AM ET,"23104 ROUNTREE AVE PORT CHARLOTTE, FL- 33980","$460,459.93","$315,499.00",Hidden,402224110009
2026-06-30T03:30:08,CLOSED,25001657CA,07/16/2026 11:00 AM ET,"3020 MAGDALINA DR PUNTA GORDA, FL- 33950","$414,972.06","$298,952.00",Hidden,412213258012
2026-06-30T03:30:08,CLOSED,25001092CA,07/17/2026 11:00 AM ET,"2458 STRAWLAWN ST PORT CHARLOTTE, FL- 33948","$333,720.23","$167,515.00",Hidden,402218378007
2026-06-30T03:30:08,CLOSED,25001317CA,07/17/2026 11:00 AM ET,"5169 DALEWOOD ST PUNTA GORDA, FL- 33982","$316,266.61","$91,788.00",Hidden,402335107002
2026-06-30T03:30:08,CLOSED,25000652CA,07/20/2026 11:00 AM ET,"17941 SADDLE ROAD PUNTA GORDA, FL- 33982 Plaintiff max bid: $11,593.31","$11,593.31",Hidden,Hidden,Property Appraiser
2026-06-30T03:30:08,CLOSED,25000851CA,07/20/2026 11:00 AM ET,"21482 MEEHAN AVE PORT CHARLOTTE, FL- 33952","$55,576.00","$129,748.00",Hidden,402215277024
2026-06-30T03:30:08,CLOSED,24001747CA,07/22/2026 11:00 AM ET,"2611 LAKESHORE CIR PORT CHARLOTTE, FL- 33952","$255,451.46","$18,142.00",Hidden,402216476024
2026-06-30T03:30:08,CLOSED,25001254CA,07/22/2026 11:00 AM ET,"22250 WESTCHESTER BLVD PORT CHARLOTTE, FL- 33952","$248,848.51","$146,944.00",Hidden,402223384007
2026-06-30T03:30:08,CLOSED,25001324CA,07/22/2026 11:00 AM ET,"23439 CORINNE AVE PORT CHARLOTTE, FL- 33980","$267,181.95","$16,575.00",Hidden,402224431005
2026-06-30T03:30:08,CLOSED,25001439CA,07/22/2026 11:00 AM ET,,$0.00,Hidden,Hidden,
2026-06-30T03:30:08,CLOSED,26000149CA,07/22/2026 11:00 AM ET,"41 CABELLO ST PUNTA GORDA, FL- 33983","$203,807.21","$177,881.00",Hidden,402305126001
2026-06-30T03:30:08,CLOSED,24002282CA,07/23/2026 11:00 AM ET,"277 SEASONS DR PUNTA GORDA, FL- 33983","$393,066.35","$350,151.00",Hidden,402303301002
2026-06-30T03:30:08,CLOSED,25000359CA,07/23/2026 11:00 AM ET,"18438 ARAPAHOE CIR PORT CHARLOTTE, FL- 33948","$732,809.15","$817,410.00",Hidden,402231178012
2026-06-30T03:30:08,CLOSED,25000937CA,07/23/2026 11:00 AM ET,"6496 COLISEUM BLVD PORT CHARLOTTE, FL- 33981","$390,794.10","$278,056.00",Hidden,412105285005
2026-06-30T03:30:08,CLOSED,25000978CA,07/23/2026 11:00 AM ET,"2111 COLLINGSWOOD BLVD PORT CHARLOTTE, FL- 33948","$385,660.25","$351,743.00",Hidden,402113233008
2026-06-30T03:30:08,CLOSED,25000879CA,07/24/2026 11:00 AM ET,"6152 BOND ST ENGLEWOOD, FL- 34224","$365,930.12","$308,306.00",Hidden,412002159002
2026-06-30T03:30:08,CLOSED,25000990CA,07/24/2026 11:00 AM ET,"1036 REED TER PORT CHARLOTTE, FL- 33948","$206,550.58","$191,451.00",Hidden,402217228006
2026-06-30T03:30:08,CLOSED,25001169CC,07/27/2026 11:00 AM ET,"9068 TUNIS AVE ENGLEWOOD, FL- 34224","$68,365.62","$82,644.00",Hidden,412003304011
2026-06-30T03:30:08,CLOSED,24001356CC,07/29/2026 11:00 AM ET,"140 SWAN DR ROTONDA WEST, FL- 33947","$12,742.19","$9,956.00",Hidden,412015227023
2026-06-30T03:30:08,CLOSED,24001604CC,07/29/2026 11:00 AM ET,"14081 HERITAGE LANDING BLVD # PUNTA GORDA, FL- 33955","$13,418.23","$251,150.00",Hidden,422317811031
2026-06-30T03:30:08,CLOSED,25000689CA,07/29/2026 11:00 AM ET,"3319 DOMINICA CT PUNTA GORDA, FL- 33950","$150,291.44","$377,030.00",Hidden,412214377010
2026-06-30T03:30:08,CLOSED,25001005CA,08/03/2026 11:00 AM ET,"20341 MIDWAY BLVD PORT CHARLOTTE, FL- 33952","$262,964.59","$86,210.00",Hidden,402216332007
2026-06-30T03:30:08,CLOSED,25001524CA,08/05/2026 11:00 AM ET,"16380 SOUTH PORT HARBOR BLVD PORT CHARLOTTE, FL- 33953","$413,638.05","$289,490.00",Hidden,402112359036
2026-06-30T03:30:08,CLOSED,25002081CC,08/05/2026 11:00 AM ET,,"$8,670.24",Hidden,Hidden,
2026-06-30T03:30:08,CLOSED,26000001CA,08/05/2026 11:00 AM ET,"1300 AQUI ESTA DR PUNTA GORDA, FL- 33950","$621,993.80","$283,623.00",Hidden,412213257012
2026-06-30T03:30:08,CLOSED,25001246CA,08/06/2026 11:00 AM ET,"18479 POSTON AVE PORT CHARLOTTE, FL- 33948","$291,869.98","$16,575.00",Hidden,402219280010
2026-06-30T03:30:08,CLOSED,25001313CA,08/12/2026 11:00 AM ET,"23441 MCWHIRTER AVE PORT CHARLOTTE, FL- 33980","$258,591.86","$16,575.00",Hidden,402213280004
2026-06-30T03:30:08,CLOSED,25001661CA,08/13/2026 11:00 AM ET,"1314 VISCAYA DR PORT CHARLOTTE, FL- 33952","$164,742.41","$183,977.00",Hidden,402210303005
2026-06-30T03:30:08,CLOSED,25001061CA,08/26/2026 11:00 AM ET,"362 SALVADOR DR PUNTA GORDA, FL- 33983","$183,629.31","$320,025.00",Hidden,402305412006
2026-07-01T03:33:08,NEW,25000758CA,07/01/2026 11:00 AM ET,"9057 BANTRY BAY BLVD ENGLEWOOD, FL- 34224","$439,377.55","$21,251.00",Hidden,412027107003
2026-07-01T03:33:08,NEW,25001511CA,07/01/2026 11:00 AM ET,"1051 FORREST NELSON BLVD - UNI PORT CHARLOTTE, FL- 33952","$200,922.53","$129,744.00",Hidden,402209501002
2026-07-01T03:33:08,NEW,25001675CA,07/01/2026 11:00 AM ET,"22201 OLEAN BLVD PORT CHARLOTTE, FL- 33952","$223,581.48","$136,415.00",Hidden,402223128008
2026-07-01T03:33:08,NEW,25000671CA,07/02/2026 11:00 AM ET,"7347 SUNNYBROOK BLVD ENGLEWOOD, FL- 34224","$339,998.65","$294,245.00",Hidden,412011430018
2026-07-01T03:33:08,NEW,21001037CA,07/06/2026 11:00 AM ET,"16130 ARALIA DR PUNTA GORDA, FL- 33955","$96,338.12","$80,511.00",Hidden,422430202009
2026-07-01T03:33:08,NEW,25001105CA,07/06/2026 11:00 AM ET,"167 MOCHA CT PUNTA GORDA, FL- 33983","$375,408.61","$290,693.00",Hidden,402304212003
2026-07-01T03:33:08,NEW,24001360CC,07/08/2026 11:00 AM ET,"14459 RIVER BEACH DR -BLDG B-U PORT CHARLOTTE, FL- 33953","$64,917.65","$144,670.00",Hidden,402128851034
2026-07-01T03:33:08,NEW,25000762CA,07/08/2026 11:00 AM ET,"21426 BEAVERTON AVE PORT CHARLOTTE, FL- 33952","$306,584.20","$286,764.00",Hidden,402210229014
2026-07-01T03:33:08,NEW,25000891CA,07/08/2026 11:00 AM ET,"13440 MURIEL AVE PORT CHARLOTTE, FL- 33981","$123,389.47","$52,282.00",Hidden,412105427025
2026-07-01T03:33:08,NEW,25000997CA,07/08/2026 11:00 AM ET,"8207 WELSFORD RD PORT CHARLOTTE, FL- 33981","$78,523.15","$20,400.00",Hidden,412115154013
2026-07-01T03:33:08,NEW,25001031CA,07/08/2026 11:00 AM ET,"3257 CRESTWOOD DR PORT CHARLOTTE, FL- 33952","$163,688.99","$107,886.00",Hidden,402222276022
2026-07-01T03:33:08,NEW,25001295CA,07/08/2026 11:00 AM ET,"477 RICOLD TER PORT CHARLOTTE, FL- 33954","$280,345.50","$184,149.00",Hidden,402205478009
2026-07-01T03:33:08,NEW,25001336CA,07/08/2026 11:00 AM ET,"2025 TAMIAMI TRL PORT CHARLOTTE, FL- 33948","$2,220,101.13","$2,857,121.00",Hidden,402217208003
2026-07-01T03:33:08,NEW,25001734CA,07/08/2026 11:00 AM ET,"611 FLORAL LN PORT CHARLOTTE, FL- 33952","$257,785.42","$139,264.00",Hidden,402227282001
2026-07-01T03:33:08,NEW,26000123CA,07/08/2026 11:00 AM ET,"27349 ALOHA DR PUNTA GORDA, FL- 33955","$251,744.10","$263,954.00",Hidden,422310207010
2026-07-01T03:33:08,NEW,25001350CA,07/09/2026 11:00 AM ET,"4449 PARMELY ST PORT CHARLOTTE, FL- 33980 Plaintiff max bid: $175,919.19","$175,919.19",Hidden,Hidden,Property Appraiser
2026-07-01T03:33:08,NEW,25001353CA,07/09/2026 11:00 AM ET,"26508 HAPSBURG ROAD PUNTA GORDA, FL- 33955 Plaintiff max bid: $152,493.48","$152,493.48",Hidden,Hidden,Property Appraiser
2026-07-01T03:33:08,NEW,25001456CA,07/09/2026 11:00 AM ET,"43620 SPARROW DR PUNTA GORDA, FL- 33982","$427,500.06","$282,719.00",Hidden,422629106096
2026-07-01T03:33:08,NEW,24001455CA,07/10/2026 11:00 AM ET,"11679 CLAREMONT DR PORT CHARLOTTE, FL- 33981","$232,191.63","$224,089.00",Hidden,412001206005
2026-07-01T03:33:08,NEW,24002312CA,07/13/2026 11:00 AM ET,,$0.00,Hidden,Hidden,
2026-07-01T03:33:08,NEW,25000634CA,07/15/2026 11:00 AM ET,"751 W RETTA ESPLANADE PUNTA GORDA, FL- 33950","$794,336.59","$1,347,329.00",Hidden,412212228001
2026-07-01T03:33:08,NEW,25001614CA,07/15/2026 11:00 AM ET,,$0.00,Hidden,Hidden,
2026-07-01T03:33:08,NEW,25000895CA,07/16/2026 11:00 AM ET,"2503 CONWAY BLVD PORT CHARLOTTE, FL- 33952","$181,561.71","$258,934.00",Hidden,402214379001
2026-07-01T03:33:08,NEW,25001171CA,07/16/2026 11:00 AM ET,"23104 ROUNTREE AVE PORT CHARLOTTE, FL- 33980","$460,459.93","$315,499.00",Hidden,402224110009
2026-07-01T03:33:08,NEW,25001657CA,07/16/2026 11:00 AM ET,"3020 MAGDALINA DR PUNTA GORDA, FL- 33950","$414,972.06","$298,952.00",Hidden,412213258012
2026-07-01T03:33:08,NEW,25001092CA,07/17/2026 11:00 AM ET,"2458 STRAWLAWN ST PORT CHARLOTTE, FL- 33948","$333,720.23","$167,515.00",Hidden,402218378007
2026-07-01T03:33:08,NEW,25001317CA,07/17/2026 11:00 AM ET,"5169 DALEWOOD ST PUNTA GORDA, FL- 33982","$316,266.61","$91,788.00",Hidden,402335107002
2026-07-01T03:33:08,NEW,25000652CA,07/20/2026 11:00 AM ET,"17941 SADDLE ROAD PUNTA GORDA, FL- 33982 Plaintiff max bid: $11,593.31","$11,593.31",Hidden,Hidden,Property Appraiser
2026-07-01T03:33:08,NEW,25000851CA,07/20/2026 11:00 AM ET,"21482 MEEHAN AVE PORT CHARLOTTE, FL- 33952","$55,576.00","$129,748.00",Hidden,402215277024
2026-07-01T03:33:08,NEW,24001747CA,07/22/2026 11:00 AM ET,"2611 LAKESHORE CIR PORT CHARLOTTE, FL- 33952","$255,451.46","$18,142.00",Hidden,402216476024
2026-07-01T03:33:08,NEW,25001254CA,07/22/2026 11:00 AM ET,"22250 WESTCHESTER BLVD PORT CHARLOTTE, FL- 33952","$248,848.51","$146,944.00",Hidden,402223384007
2026-07-01T03:33:08,NEW,25001324CA,07/22/2026 11:00 AM ET,"23439 CORINNE AVE PORT CHARLOTTE, FL- 33980","$267,181.95","$16,575.00",Hidden,402224431005
2026-07-01T03:33:08,NEW,25001439CA,07/22/2026 11:00 AM ET,"43572 TREADWAY DR PUNTA GORDA, FL- 33982","$487,844.46","$343,721.00",Hidden,422632241010
2026-07-01T03:33:08,NEW,26000149CA,07/22/2026 11:00 AM ET,"41 CABELLO ST PUNTA GORDA, FL- 33983","$203,807.21","$177,881.00",Hidden,402305126001
2026-07-01T03:33:08,NEW,24002282CA,07/23/2026 11:00 AM ET,"277 SEASONS DR PUNTA GORDA, FL- 33983","$393,066.35","$350,151.00",Hidden,402303301002
2026-07-01T03:33:08,NEW,25000359CA,07/23/2026 11:00 AM ET,"18438 ARAPAHOE CIR PORT CHARLOTTE, FL- 33948","$732,809.15","$817,410.00",Hidden,402231178012
2026-07-01T03:33:08,NEW,25000937CA,07/23/2026 11:00 AM ET,"6496 COLISEUM BLVD PORT CHARLOTTE, FL- 33981","$390,794.10","$278,056.00",Hidden,412105285005
2026-07-01T03:33:08,NEW,25000978CA,07/23/2026 11:00 AM ET,"2111 COLLINGSWOOD BLVD PORT CHARLOTTE, FL- 33948","$385,660.25","$351,743.00",Hidden,402113233008
2026-07-01T03:33:08,NEW,25000879CA,07/24/2026 11:00 AM ET,"6152 BOND ST ENGLEWOOD, FL- 34224","$365,930.12","$308,306.00",Hidden,412002159002
2026-07-01T03:33:08,NEW,25000990CA,07/24/2026 11:00 AM ET,"1036 REED TER PORT CHARLOTTE, FL- 33948","$206,550.58","$191,451.00",Hidden,402217228006
2026-07-01T03:33:08,NEW,25001169CC,07/27/2026 11:00 AM ET,"9068 TUNIS AVE ENGLEWOOD, FL- 34224","$68,365.62","$82,644.00",Hidden,412003304011
2026-07-01T03:33:08,NEW,24001356CC,07/29/2026 11:00 AM ET,"140 SWAN DR ROTONDA WEST, FL- 33947","$12,742.19","$9,956.00",Hidden,412015227023
2026-07-01T03:33:08,NEW,24001604CC,07/29/2026 11:00 AM ET,"14081 HERITAGE LANDING BLVD # PUNTA GORDA, FL- 33955","$13,418.23","$251,150.00",Hidden,422317811031
2026-07-01T03:33:08,NEW,25000689CA,07/29/2026 11:00 AM ET,"3319 DOMINICA CT PUNTA GORDA, FL- 33950","$150,291.44","$377,030.00",Hidden,412214377010
2026-07-01T03:33:08,NEW,25001005CA,08/03/2026 11:00 AM ET,"20341 MIDWAY BLVD PORT CHARLOTTE, FL- 33952","$262,964.59","$86,210.00",Hidden,402216332007
2026-07-01T03:33:08,NEW,25000869CA,08/05/2026 11:00 AM ET,,$0.00,Hidden,Hidden,
2026-07-01T03:33:08,NEW,25001524CA,08/05/2026 11:00 AM ET,"16380 SOUTH PORT HARBOR BLVD PORT CHARLOTTE, FL- 33953","$413,638.05","$289,490.00",Hidden,402112359036
2026-07-01T03:33:08,NEW,25002081CC,08/05/2026 11:00 AM ET,,"$8,670.24",Hidden,Hidden,
2026-07-01T03:33:08,NEW,26000001CA,08/05/2026 11:00 AM ET,"1300 AQUI ESTA DR PUNTA GORDA, FL- 33950","$621,993.80","$283,623.00",Hidden,412213257012
2026-07-01T03:33:08,NEW,25001246CA,08/06/2026 11:00 AM ET,"18479 POSTON AVE PORT CHARLOTTE, FL- 33948","$291,869.98","$16,575.00",Hidden,402219280010
2026-07-01T03:33:08,NEW,25001313CA,08/12/2026 11:00 AM ET,"23441 MCWHIRTER AVE PORT CHARLOTTE, FL- 33980","$258,591.86","$16,575.00",Hidden,402213280004
2026-07-01T03:33:08,NEW,25001661CA,08/13/2026 11:00 AM ET,"1314 VISCAYA DR PORT CHARLOTTE, FL- 33952","$164,742.41","$183,977.00",Hidden,402210303005
2026-07-01T03:33:08,NEW,25001061CA,08/26/2026 11:00 AM ET,"362 SALVADOR DR PUNTA GORDA, FL- 33983","$183,629.31","$320,025.00",Hidden,402305412006
2026-07-02T03:32:59,CLOSED,25000758CA,07/01/2026 11:00 AM ET,"9057 BANTRY BAY BLVD ENGLEWOOD, FL- 34224","$439,377.55","$21,251.00",Hidden,412027107003
2026-07-02T03:32:59,CLOSED,25001511CA,07/01/2026 11:00 AM ET,"1051 FORREST NELSON BLVD - UNI PORT CHARLOTTE, FL- 33952","$200,922.53","$129,744.00",Hidden,402209501002
2026-07-02T03:32:59,CLOSED,25001675CA,07/01/2026 11:00 AM ET,"22201 OLEAN BLVD PORT CHARLOTTE, FL- 33952","$223,581.48","$136,415.00",Hidden,402223128008
2026-07-03T03:32:52,NEW,25000548CA,07/27/2026 11:00 AM ET,,$0.00,Hidden,Hidden,
2026-07-03T03:32:52,NEW,26000203CA,07/27/2026 11:00 AM ET,,$0.00,Hidden,Hidden,
2026-07-03T03:32:52,NEW,26000389CA,07/27/2026 11:00 AM ET,,$0.00,Hidden,Hidden,
2026-07-03T03:32:52,NEW,25001685CA,08/05/2026 11:00 AM ET,"407 CARTAGENA ST PUNTA GORDA, FL- 33983","$298,953.64","$351,143.00",Hidden,402303465002
2026-07-03T03:32:52,CLOSED,25000671CA,07/02/2026 11:00 AM ET,"7347 SUNNYBROOK BLVD ENGLEWOOD, FL- 34224","$339,998.65","$294,245.00",Hidden,412011430018
2026-07-03T03:32:52,CLOSED,21001037CA,07/06/2026 11:00 AM ET,"16130 ARALIA DR PUNTA GORDA, FL- 33955","$96,338.12","$80,511.00",Hidden,422430202009
2026-07-07T03:32:44,CLOSED,25001105CA,07/06/2026 11:00 AM ET,"167 MOCHA CT PUNTA GORDA, FL- 33983","$375,408.61","$290,693.00",Hidden,402304212003
2026-07-08T03:32:52,NEW,25001261CA,08/21/2026 11:00 AM ET,,$0.00,Hidden,Hidden,
2026-07-10T03:33:08,NEW,26000192CA,08/03/2026 11:00 AM ET,"137 DORMAN ST PORT CHARLOTTE, FL- 33953","$207,984.41","$156,962.00",Hidden,402104110004
2026-07-10T03:33:08,NEW,25000550CA,08/07/2026 11:00 AM ET,,$0.00,Hidden,Hidden,
2026-07-10T03:33:08,NEW,24001026CA,08/13/2026 11:00 AM ET,"10348 KIDRON AVE -UNIT A& B ENGLEWOOD, FL- 34224","$416,007.05","$232,669.00",Hidden,412002411019
2026-07-10T03:33:08,NEW,25001252CA,09/09/2026 11:00 AM ET,,$0.00,Hidden,Hidden,
2026-07-10T03:33:08,NEW,26000570CA,10/05/2026 11:00 AM ET,,$0.00,Hidden,Hidden,
2026-07-10T03:33:08,CLOSED,24001360CC,07/08/2026 11:00 AM ET,"14459 RIVER BEACH DR -BLDG B-U PORT CHARLOTTE, FL- 33953","$64,917.65","$144,670.00",Hidden,402128851034
2026-07-10T03:33:08,CLOSED,25000762CA,07/08/2026 11:00 AM ET,"21426 BEAVERTON AVE PORT CHARLOTTE, FL- 33952","$306,584.20","$286,764.00",Hidden,402210229014
2026-07-10T03:33:08,CLOSED,25000891CA,07/08/2026 11:00 AM ET,"13440 MURIEL AVE PORT CHARLOTTE, FL- 33981","$123,389.47","$52,282.00",Hidden,412105427025
2026-07-10T03:33:08,CLOSED,25000997CA,07/08/2026 11:00 AM ET,"8207 WELSFORD RD PORT CHARLOTTE, FL- 33981","$78,523.15","$20,400.00",Hidden,412115154013
2026-07-10T03:33:08,CLOSED,25001031CA,07/08/2026 11:00 AM ET,"3257 CRESTWOOD DR PORT CHARLOTTE, FL- 33952","$163,688.99","$107,886.00",Hidden,402222276022
2026-07-10T03:33:08,CLOSED,25001295CA,07/08/2026 11:00 AM ET,"477 RICOLD TER PORT CHARLOTTE, FL- 33954","$280,345.50","$184,149.00",Hidden,402205478009
2026-07-10T03:33:08,CLOSED,25001336CA,07/08/2026 11:00 AM ET,"2025 TAMIAMI TRL PORT CHARLOTTE, FL- 33948","$2,220,101.13","$2,857,121.00",Hidden,402217208003
2026-07-10T03:33:08,CLOSED,25001734CA,07/08/2026 11:00 AM ET,"611 FLORAL LN PORT CHARLOTTE, FL- 33952","$257,785.42","$139,264.00",Hidden,402227282001
2026-07-10T03:33:08,CLOSED,26000123CA,07/08/2026 11:00 AM ET,"27349 ALOHA DR PUNTA GORDA, FL- 33955","$251,744.10","$263,954.00",Hidden,422310207010
2026-07-10T03:33:08,CLOSED,25001350CA,07/09/2026 11:00 AM ET,"4449 PARMELY ST PORT CHARLOTTE, FL- 33980 Plaintiff max bid: Hidden","$175,919.19",Hidden,Hidden,Property Appraiser
2026-07-10T03:33:08,CLOSED,25001353CA,07/09/2026 11:00 AM ET,"26508 HAPSBURG ROAD PUNTA GORDA, FL- 33955 Plaintiff max bid: $152,493.48","$152,493.48",Hidden,Hidden,Property Appraiser
2026-07-10T03:33:08,CLOSED,25001456CA,07/09/2026 11:00 AM ET,"43620 SPARROW DR PUNTA GORDA, FL- 33982","$427,500.06","$282,719.00",Hidden,422629106096
2026-07-13T03:33:23,NEW,25001544CA,08/07/2026 11:00 AM ET,,$0.00,Hidden,Hidden,
2026-07-13T03:33:23,NEW,25001238CA,08/14/2026 11:00 AM ET,,$0.00,Hidden,Hidden,
2026-07-13T03:33:23,NEW,25001498CA,08/31/2026 11:00 AM ET,,$0.00,Hidden,Hidden,
2026-07-13T03:33:23,NEW,25001583CA,08/31/2026 11:00 AM ET,,$0.00,Hidden,Hidden,
2026-07-14T03:33:24,NEW,25001286CA,08/31/2026 11:00 AM ET,,$0.00,Hidden,Hidden,
2026-07-14T03:33:24,NEW,25001798CA,09/23/2026 11:00 AM ET,,$0.00,Hidden,Hidden,
2026-07-14T03:33:24,CLOSED,24002312CA,07/13/2026 11:00 AM ET,,$0.00,Hidden,Hidden,
